{
  "algorithm": "dualPotLLL",
  "dimension": 40,
  "seed": 0,
  "timestamp": "2026-04-05T16:44:10.462351",
  "best_params": {
    "delta": 0.9124277102293072
  },
  "best_time": 0.005114078521728516,
  "best_norm": 1709.173484465518,
  "best_objective": 0.03157565326240025,
  "total_evaluations": 40
}