{
  "algorithm": "deepBKZ",
  "dimension": 40,
  "seed": 0,
  "timestamp": "2026-04-05T16:33:06.035493",
  "best_params": {
    "beta": 2.0,
    "delta": 0.9320252178400582
  },
  "best_time": 0.011329412460327148,
  "best_norm": 1709.173484465518,
  "best_objective": 0.0,
  "total_evaluations": 40
}