{
  "algorithm": "ENUM",
  "dimension": 40,
  "seed": 0,
  "timestamp": "2026-04-05T15:53:15.710374",
  "best_params": {
    "log_R": 15.04182925257388
  },
  "best_time": 0.36293554306030273,
  "best_norm": 1709.173484465518,
  "best_objective": 0.7,
  "total_evaluations": 20
}