{
  "algorithm": "potBKZ",
  "dimension": 40,
  "seed": 0,
  "timestamp": "2026-04-05T16:49:55.126181",
  "best_params": {
    "beta": 3.0,
    "delta": 0.9810052410157537
  },
  "best_time": 0.004170894622802734,
  "best_norm": 1709.173484465518,
  "best_objective": 0.033021902710565335,
  "total_evaluations": 40
}