{
  "algorithm": "deepLLL",
  "dimension": 40,
  "seed": 0,
  "timestamp": "2026-04-05T16:35:52.722014",
  "best_params": {
    "delta": 0.8417054567943554
  },
  "best_time": 0.002260923385620117,
  "best_norm": 1709.173484465518,
  "best_objective": 0.006239620403321471,
  "total_evaluations": 40
}