{
  "algorithm": "ENUM",
  "dimension": 40,
  "seed": 0,
  "timestamp": "2026-04-05T15:46:00.145340",
  "best_params": {
    "log_R": 15.169535658515379
  },
  "best_time": 0.3612205982208252,
  "best_norm": 1709.173484465518,
  "best_objective": 0.7,
  "total_evaluations": 4
}