{
  "algorithm": "fplll_BKZ2.0",
  "dimension": 40,
  "seed": 0,
  "timestamp": "2026-04-05T16:04:14.891343",
  "best_params": {
    "beta": 8
  },
  "best_time": 0.0067462921142578125,
  "best_norm": 1709.173484465518,
  "best_objective": 9.413271309484252e-05,
  "total_evaluations": 20
}