{
  "algorithm": "ENUM",
  "dimension": 40,
  "seed": 0,
  "timestamp": "2026-04-05T15:49:15.019953",
  "best_params": {
    "log_R": 15.361095267427624
  },
  "best_time": 0.36110973358154297,
  "best_norm": 1709.173484465518,
  "best_objective": 0.7022311440742897,
  "total_evaluations": 8
}