{
  "algorithm": "dualDeepBKZ",
  "dimension": 40,
  "seed": 0,
  "timestamp": "2026-04-05T16:52:42.663185",
  "best_params": {
    "beta": 8.0,
    "delta": 0.8553841081438942
  },
  "best_time": 0.00831460952758789,
  "best_norm": 1709.173484465518,
  "best_objective": 0.018509068016823383,
  "total_evaluations": 40
}