{
  "algorithm": "deepBKZ",
  "dimension": 40,
  "seed": 0,
  "timestamp": "2026-04-05T16:07:47.386945",
  "best_params": {
    "beta": 6.0,
    "delta": 0.8797086477279663
  },
  "best_time": 0.03469419479370117,
  "best_norm": 1709.173484465518,
  "best_objective": 0.0,
  "total_evaluations": 6
}