{
  "dimensions": [
    40
  ],
  "times": {
    "LLL": [
      0.0013167858123779297
    ],
    "BKZ": [
      0.12105321884155273
    ],
    "L2": [
      0.0006933212280273438
    ],
    "deepLLL": [
      0.01736736297607422
    ],
    "potLLL": [
      0.00302886962890625
    ],
    "dualLLL": [
      0.0016121864318847656
    ],
    "dualDeepLLL": [
      0.0704803466796875
    ],
    "dualPotLLL": [
      0.01244211196899414
    ],
    "dualBKZ": [
      0.0017390251159667969
    ],
    "deepBKZ": [
      0.017465591430664062
    ],
    "dualDeepBKZ": [
      0.07055258750915527
    ],
    "potBKZ": [
      0.004638195037841797
    ]
  },
  "norms": {
    "LLL": [
      1881.014885640196
    ],
    "BKZ": [
      1709.173484465518
    ],
    "L2": [
      1881.014885640196
    ],
    "deepLLL": [
      1709.173484465518
    ],
    "potLLL": [
      1709.173484465518
    ],
    "dualLLL": [
      1881.014885640196
    ],
    "dualDeepLLL": [
      1745.1607375826445
    ],
    "dualPotLLL": [
      1745.1607375826445
    ],
    "dualBKZ": [
      1881.014885640196
    ],
    "deepBKZ": [
      1709.173484465518
    ],
    "dualDeepBKZ": [
      1745.1607375826445
    ],
    "potBKZ": [
      1709.173484465518
    ]
  }
}