{
  "algorithm": "BKZ",
  "dimension": 40,
  "seed": 0,
  "timestamp": "2026-04-05T16:47:09.852356",
  "best_params": {
    "beta": 29.0,
    "delta": 0.9070822487763672
  },
  "best_time": 0.1350867748260498,
  "best_norm": 1709.173484465518,
  "best_objective": 0.0059548876076847895,
  "total_evaluations": 40
}